 “satchel” Keywords Sorted Into Buckets,,
,,
,,
"TITLE (Top 3 keywords, highest volume + most relevant)",,
Keyword,Search Volume,Est. characters
purses for women,"223,534",16
purse,"223,522",5
clear purse,"84,656",11
Combined byte estimate (chars + spaces):,,32
,,
"BULLETS (10-20 keywords, 2-4 per bullet)",,
Keyword,Search Volume,Est. characters
laptop bag,"129,934",10
work bag,"84,521",8
purses,"74,990",6
juicy couture,"74,901",13
crossbody bag,"74,835",13
shoulder bag,"74,811",12
laptop case,"70,990",11
sling bag,"67,373",9
messenger bag,"59,176",13
small crossbody bags for women,"53,593",30
purses for women clearance,"50,109",26
school bag,"42,588",10
sling bag for men,"42,541",17
handbags for women,"38,369",18
cross body bag,"38,369",14
leather crossbody bags for women,"34,430",32
crossbody bag men,"32,865",17
computer bag,"29,174",12
Combined byte estimate (chars + spaces):,,271
,,
"BACKEND SEARCH TERMS (leftover, must stay under 249 bytes total)",,
Keyword,Search Volume,Est. characters
lululemon crossbody bag,"69,739",23
michael kors,"50,104",12
carteras para mujer,"42,593",19
Combined byte estimate (chars + spaces):,,54
