Raw Keyword Export (from helium 10),,,
,,,
Keyword,Search Volume,Relevance (High/Med/Low),Bucket
beach bag,"412,382",High,Bucket
crossbody bags for women,"310,325",Medium,Bucket
purses for women,"223,534",High,Title
purse,"223,522",High,Title
laptop bag,"129,934",High,Bucket
clear purse,"84,656",High,Title
work bag,"84,521",Medium,Bucket
purses,"74,990",Medium,Bucket
juicy couture,"74,901",Medium,Bucket
crossbody bag,"74,835",Medium,Bucket
shoulder bag,"74,811",Medium,Bucket
laptop case,"70,990",Medium,Bucket
lululemon crossbody bag,"69,739",Medium,Backend
sling bag,"67,373",Medium,Bucket
messenger bag,"59,176",Medium,Bucket
small crossbody bags for women,"53,593",Medium,Bucket
purses for women clearance,"50,109",Medium,Bucket
michael kors,"50,104",Medium,Backend
bags for women,"50,099",Medium,Bucket
carteras para mujer,"42,593",Low,Backend
school bag,"42,588",Low,Bucket
sling bag for men,"42,541",Low,Bucket
handbags for women,"38,369",Low,Bucket
cross body bag,"38,369",Low,Bucket
leather crossbody bags for women,"34,430",Low,Bucket
crossbody bag men,"32,865",Low,Bucket
computer bag,"29,174",Low,Bucket
