PPC Plain Tshirt for Men Mock up,,,,,,
,,,,,,
Keywords,Intent Cluster,Column3,Source,Search Volume Popularity,Competition Level,Notes
Polo shirt for men,Fabric-focused,,SellerSprite,"3,998",High,"	Different garment type, not a plain tee match"
big brother tshirt,Fabric-focused,,SellerSprite,"3,143",Medium,"	Novelty/graphic angle, not plain tee"
white tshirt,Fit - Focused,,SellerSprite,"2,959",Medium,"Color term, cluster should be Style not Fit"
tshirt dress,Fit - Focused,,SellerSprite,"2,733",Medium,"Wrong product entirely, not a men's tee"
t-shirt for men,Style/neck-focused,,SellerSprite,1983,High,"Generic head term, high competition, hard to own"
t shirt for men,Fabric-focused,,SellerSprite,3256,High,"Near-duplicate of above, same head term issue"
quicksilver t shirt for men,Fit - Focused,,Helium 10 (Black box),61,High,"Competitor brand name, low relevance"
t shirt zipper for men,Fabric-focused,,Helium 10 (Black box),100,High,"Different product feature, not plain tee"
christian t shirt for men,Fit - Focused,,Helium 10 (Black box),210,Medium,"Graphic/niche angle, not plain tee"
purple t shirt for men,Fabric-focused,,Helium 10 (Black box),272,Low,"Color term, low volume, low priority"
patriotic t shirt for men,Use-case-focused,,Helium 10 (Black box),220,Medium,"Graphic/theme angle, not plain tee"
training t shirt for men,Fit - Focused,,Helium 10 (Black box),173,High,"Performance angle, different from basic plain tee"
t shirt for men graphic,Use-case-focused,,Helium 10 (Black box),452,High,"Explicitly graphic tee, wrong product type"
men t-shirt,Fit - Focused,,Helium 10 (Black box),659,High,"Solid head term, decent volume, worth targeting"
t shirt men,Fit - Focused,,Helium 10 (Black box),5010,High,"Highest volume here, core term to own"
t-shirt men,Fit - Focused,,Helium 10 (Black box),1034,High,"Same as above, hyphen variant, near-duplicate"
mario t shirt men,Use-case-focused,,Amazon Auto Commplete,429,High,"Licensed graphic tee, not plain tee"
striped t shirt men,Fabric-focused,,Amazon Auto Commplete,669,Medium,"Pattern term, not a plain tee match"
yellow t shirt men,Fabric-focused,,Amazon Auto Commplete,1317,High,"Color term, decent volume thoughpuma "
puma men t shirt,Style/neck-focused,,Amazon Auto Commplete,310,High,"Competitor brand name, not usable"
heathered t shirt men,Fabric-focused,,Amazon Auto Commplete,40,Low,"Fabric texture term, low volume"
