Keyword Research (Cerebro Export),,,,,,,
0,,,,,,,
,,,,,,,
Keyword,Search Volume,Organic Rank,Sponsored Rank,CPR/IQ Score,Relevance,Type,Notes
weed puller tool,"60,823",10,-,108,High,Money,"Already ranks #10, core term, keep it"
garden tools,"43,846",12,1,80,High,Money,"Rank 12 plus ad spot, solid coverage"
gardening tools,"26,696",9,3,61,High,Money,"Rank 9 with ads, one of our best"
weed puller,"28,156",10,-,72,Medium,Money,"Ranks #10 organic, no ads running here"
gardening hand tools,"7,644",8,2,34,High,Money,"Strong rank, very close match"
garden shovel,"7,271",7,39,39,High,Money,"Good rank, different tool though"
weeder tool,"5,808",6,1,36,High,Money,"Strong rank, this is a core term"
gardening gifts,"5,580",50,-,35,High,Money,"Broad gift angle, no rank"
garden rake,"4,634",26,16,39,High,Money,"Good rank, different tool category"
tools,"72,218",131,10,114,Low,Not Relevant,Too broad/generic to realistically own -- excluded despite highest volume in the set
potting soil,"68,625",293,-,112,Low,Not Relevant,Different product entirely -- corrected from prior 'Opportunity' label
soil,"37,030",288,-,79,Low,Not Relevant,"Too generic, unrelated to this product"
coriander,"17,148",-,40,60,Low,Not Relevant,"Herb, totally unrelated -- corrected from prior 'Money' label"
dill weed,"13,703",-,38,53,Low,Not Relevant,"Herb, completely unrelated -- corrected from prior 'Money' label"
regalos para mujer,"21,313",-,25,50,Low,Not Relevant,"Spanish gift term, unrelated -- corrected from prior 'Money' label"
digging to china,"13,700",-,3,45,Low,Not Relevant,"Odd phrase, ranks on ads only -- corrected from prior 'Money' label"
tierra para plantas,"4,634",-,-,30,Low,Not Relevant,"Spanish soil term, unrelated"
pruning shears,"41,116",269,-,85,Medium,Not Relevant,"Adjacent product, not this SKU"
grabber,"31,695",-,-,77,Medium,Not Relevant,"No rank, too vague to target directly"
lawn sweeper,"25,159",-,14,69,Medium,Not Relevant,Different tool entirely
tool,"24,431",247,3,65,High,Not Relevant,"Too broad, rank won't move meaningfully"
lawn aerator,"22,550",116,-,63,Medium,Not Relevant,"Different category, not our product"
weeds,"22,543",-,-,64,Medium,Not Relevant,Too vague to target directly
weed,"21,294",290,-,60,Medium,Not Relevant,Too generic on its own
rake,"20,027",263,15,63,Medium,Not Relevant,Different tool
crack weeder,"10,833",63,-,51,Medium,Not Relevant,"No rank, oddly specific tool name"
twist,"9,844",-,32,46,Medium,Not Relevant,"Too vague, unclear what this even means"
fiskars pruning shears,"8,621",49,-,34,Medium,Not Relevant,"Competitor brand name, low priority"
manual lawn mower,"8,616",209,-,36,Medium,Not Relevant,"Different product, not relevant"
shears,"7,667",-,-,47,Medium,Not Relevant,Too generic on its own
fiskars,"7,637",18,-,48,Medium,Not Relevant,"Just a brand name, low value alone"
shovels for digging,"6,562",13,2,34,Medium,Not Relevant,"Some rank, different product category"
ice picks for breaking ice,"6,280",-,39,34,Medium,Not Relevant,"Completely unrelated, skip"
sand shovel,"5,813",24,-,33,Medium,Not Relevant,"Different product, seasonal too"
sickle,"5,813",-,37,45,Medium,Not Relevant,"Different tool, ranks on ads only"
weedeaters,"5,808",-,-,31,Medium,Not Relevant,Different product entirely
trowel,"5,806",8,1,45,Medium,Not Relevant,"Different tool, decent ad rank"
camping shovel,"5,806",155,16,37,Medium,Not Relevant,"Wrong category, different use case"
half moon edger,"5,578",64,-,36,Medium,Not Relevant,"Specific tool, no rank"
fiskars weed puller,"5,524",57,-,31,Medium,Not Relevant,Direct competitor product name
rakes for lawns heavy duty,"5,521",291,14,32,Medium,Not Relevant,"Different tool, ranks on ads"
scooper,"5,521",-,-,38,Medium,Not Relevant,"Too vague, unclear intent"
soil sifter,"4,964",80,-,42,Medium,Not Relevant,"Different tool, no rank"
auger,"4,874",-,3,45,Medium,Not Relevant,"Different tool, ranks on ads"
grandpas weeder,"4,637",26,-,30,Medium,Not Relevant,"Shortened brand term, no rank"
grass shears,"4,632",208,-,37,Medium,Not Relevant,"Different tool, no rank"
thatch rake,"4,625",151,-,44,Medium,Not Relevant,"Different tool, low priority"
tool set,"68,440",158,-,116,High,Opportunity,"No organic rank, real gap, high volume"
garden shears,"41,114",159,28,78,High,Opportunity,"Decent rank, sponsored too, reliable term"
edger lawn tool,"26,748",136,-,60,High,Opportunity,"Zero rank despite solid volume, real gap"
weeding tool,"14,696",84,-,48,High,Opportunity,"No organic rank, this should be ours"
garden clippers,"9,847",196,-,39,High,Opportunity,"No rank yet, close enough to target"
garden scissors,"11,855",298,-,43,High,Opportunity,"No rank, decent volume, gap to fill"
lawn edger tool,"5,811",288,-,33,High,Opportunity,"No rank, real opportunity here"
tools on sale and clearance,"11,851",202,31,38,High,Opportunity,"Deal-seeker term, ranks fine"
garden soil,"11,851",230,-,40,High,Opportunity,"No organic rank, borderline relevance"
gardening shears,"11,521",219,26,39,High,Opportunity,"Solid rank, close match to product"
garden trellis for climbing plants,"10,971",-,3,42,High,Opportunity,Different product line entirely
garden hoe,"9,816",53,-,46,High,Opportunity,"Different tool, no rank"
tool sets,"8,625",109,-,35,High,Opportunity,"No organic rank, plural version worth testing"
tool storage,"8,625",-,-,37,High,Opportunity,Not really our product category
tool kit for women,"8,618",172,-,38,High,Opportunity,"Audience-specific angle, no rank yet"
lawn aerator tool,"7,845",94,-,41,High,Opportunity,"Different tool, some rank on ads"
herb garden,"7,655",175,-,42,High,Opportunity,"Different use case, not core"
hand tools,"7,599",138,-,34,High,Opportunity,"Too broad, weak rank"
capri tools,"7,575",-,8,33,High,Opportunity,"Competitor brand, not useful to target"
garden basket,"7,274",-,1,34,High,Opportunity,"Ranks on ads, different accessory"
home tool kit,"7,269",-,37,35,High,Opportunity,"Ranks on ads, decent fit"
gardening gifts for women,"6,574",226,-,37,High,Opportunity,"Gift angle, no organic rank"
womens gardening gloves,"6,572",259,-,32,High,Opportunity,"Different product, not applicable"
crack weeder tool,"6,562",103,13,35,High,Opportunity,"Solid rank, direct competitor term"
garden kneeler,"6,263",234,-,46,High,Opportunity,"Different accessory, no rank"
garden kneeling pad,"5,588",-,-,35,High,Opportunity,Not our product type
basic tool kit,"5,521",197,-,31,High,Opportunity,"No rank, generic phrasing"
tool sets for men,"5,521",277,-,31,High,Opportunity,"Gendered angle, no rank yet"
pinwheels for yard and garden,"5,521",-,2,36,High,Opportunity,Unrelated decor item
garden weasel,"5,410",103,1,31,High,Opportunity,"Named competitor product, ranks well"
garden snips,"4,874",221,-,33,High,Opportunity,"Close variant, no rank yet"
tools set,"4,874",296,13,30,High,Opportunity,"Typo-style search, decent rank"
hoe garden tool,"4,670",80,25,35,High,Opportunity,"Decent rank, different tool though"
tiller for gardening,"4,634",86,-,34,High,Opportunity,"Different machine, not applicable"
garden accessories,"4,630",205,-,30,High,Opportunity,"Broad category, no rank"
,,,,,,,
,,,,,,,
,,,,,,,
,,,,,,,
,,,,,,,
,,,,,,,
,,,,,,,
,,,,,,,
,,,,,,,
,,,,,,,
,,,,,,,
,,,,,,,
,,,,,,,
,,,,,,,
,,,,,,,
,,,,,,,
,,,,,,,
,,,,,,,
,,,,,,,
,,,,,,,
,,,,,,,
,,,,,,,
,,,,,,,
,,,,,,,
,,,,,,,
,,,,,,,
,,,,,,,
,,,,,,,
,,,,,,,
,,,,,,,
,,,,,,,
,,,,,,,
,,,,,,,
,,,,,,,
,,,,,,,
,,,,,,,
,,,,,,,
,,,,,,,
,,,,,,,
,,,,,,,
,,,,,,,
,,,,,,,
,,,,,,,
,,,,,,,
,,,,,,,
,,,,,,,
,,,,,,,
,,,,,,,
,,,,,,,
,,,,,,,
,,,,,,,
,,,,,,,
,,,,,,,
,,,,,,,
,,,,,,,
,,,,,,,
,,,,,,,
,,,,,,,
,,,,,,,
,,,,,,,
,,,,,,,
,,,,,,,
,,,,,,,
,,,,,,,
,,,,,,,
,,,,,,,
,,,,,,,
,,,,,,,
,,,,,,,
,,,,,,,
,,,,,,,
,,,,,,,
,,,,,,,
,,,,,,,
,,,,,,,
,,,,,,,
,,,,,,,
,,,,,,,
,,,,,,,
,,,,,,,
,,,,,,,
,,,,,,,
,,,,,,,
,,,,,,,
,,,,,,,
,,,,,,,
,,,,,,,
,,,,,,,
,,,,,,,
,,,,,,,
,,,,,,,
,,,,,,,
,,,,,,,
,,,,,,,
,,,,,,,
,,,,,,,
,,,,,,,
,,,,,,,
,,,,,,,
,,,,,,,
,,,,,,,
,,,,,,,
,,,,,,,
,,,,,,,
,,,,,,,
,,,,,,,
,,,,,,,
,,,,,,,
,,,,,,,
,,,,,,,
,,,,,,,
,,,,,,,
,,,,,,,
,,,,,,,
,,,,,,,
,,,,,,,
,,,,,,,
,,,,,,,
,,,,,,,
,,,,,,,
,,,,,,,
,,,,,,,
,,,,,,,
,,,,,,,
,,,,,,,
,,,,,,,
,,,,,,,
,,,,,,,
,,,,,,,
,,,,,,,
,,,,,,,
,,,,,,,
,,,,,,,
,,,,,,,
,,,,,,,
,,,,,,,
,,,,,,,
,,,,,,,
,,,,,,,
,,,,,,,
,,,,,,,
,,,,,,,
,,,,,,,
,,,,,,,
,,,,,,,
,,,,,,,
,,,,,,,
,,,,,,,
,,,,,,,
,,,,,,,
,,,,,,,
,,,,,,,
,,,,,,,
,,,,,,,
,,,,,,,
,,,,,,,
,,,,,,,
,,,,,,,
,,,,,,,
,,,,,,,
,,,,,,,
,,,,,,,
,,,,,,,
,,,,,,,
,,,,,,,
,,,,,,,
,,,,,,,
,,,,,,,
,,,,,,,
,,,,,,,
,,,,,,,
,,,,,,,
,,,,,,,
,,,,,,,
,,,,,,,
,,,,,,,
,,,,,,,
,,,,,,,
,,,,,,,
,,,,,,,
,,,,,,,
,,,,,,,
,,,,,,,
,,,,,,,
,,,,,,,
,,,,,,,
,,,,,,,
,,,,,,,
,,,,,,,
,,,,,,,
,,,,,,,
,,,,,,,
,,,,,,,
,,,,,,,
,,,,,,,
,,,,,,,
,,,,,,,
,,,,,,,
,,,,,,,
,,,,,,,
