Finished Listing Copy -- Fiskars-Style Weed Puller Tool,,
,,
TITLE,,
"Garden Tools Weed Puller Tool - Gardening Tools Set for Weeding, Long Handle Design",,83
,,
BULLET POINTS,,
"EFFORTLESS WEED PULLER TOOL: Simply step down and twist to remove weeds by the root, no bending or kneeling required for fast, easy weeding tool work in any garden bed.",,168
"BUILT FOR REAL GARDEN TOOLS DURABILITY: Rust-resistant steel claws and a sturdy frame stand up to repeated use across seasons, built to outlast typical gardening tools.",,168
"LONG HANDLE WEED PULLER TOOL DESIGN: Extended handle keeps you upright while working, reducing strain compared to hand tools that force you to kneel in the dirt.",,161
"VERSATILE TOOL SET ADDITION: A practical edger lawn tool companion piece that rounds out any home tool set for lawn edges, garden beds, and walkway cracks.",,155
"SIMPLE FOOT-POWERED EJECT: A foot pedal releases pulled weeds cleanly, so this weeding tool keeps your hands clean from start to finish.",,136
,,
BACKEND SEARCH TERMS,,
garden scissors clippers set edger lawn kneeler pad claw grabber outdoor yard weeding essentials heavy duty rust resistant,,122
,,
DESCRIPTION,,
"Keep your garden beds clear without the strain of bending or kneeling. This weed puller tool uses a simple step-and-twist motion to lift weeds out by the root, giving you a cleaner result than pulling by hand. The long handle keeps you standing upright throughout, and the foot-powered eject mechanism releases pulled weeds with a single tap so your hands stay clean. Built with rust-resistant steel claws, it holds up season after season as a reliable addition to your garden tools collection.",,
