Analysis & Listing Recommendations,
,
,
Top 5 Money Keywords,
List of the strongest keywords this product already ranks well for.,
"1. weed puller tool -- 60,823 vol, rank #10, core term",
"2. garden tools -- 43,846 vol, rank #12 + ad spot",
"3. gardening tools -- 26,696 vol, rank #9 + ad spot",
"4. garden shears -- 41,114 vol, rank #159 but sponsored #28",
"5. weed puller -- 28,156 vol, rank #10 organic",
Top 5 Opportunity Keywords,
"List high-volume keywords this product is missing , recommendation targets.",
"1. tool set -- 68,440 vol, no organic rank, real gap",
"2. edger lawn tool -- 26,748 vol, no rank at all",
"3. weeding tool -- 14,696 vol, no rank, close match",
"4. garden scissors -- 11,855 vol, no rank, decent volume",
"5. garden clippers -- 9,847 vol, no rank, close enough to target",
,
Excluded High-Volume Keywords (with reason),
"tools -- 72,218 vol, our #1 volume keyword by far, but excluded: too generic/competitive to realistically own against category-wide competition.",
"potting soil -- 68,625 vol, excluded: different product entirely, not a gardening tool term.",
,
Suggested Title Direction,
,
Lead with 'Garden Tools' + 'Weed Puller Tool' since both already rank and carry the highest relevant volume. Work in 'Gardening Tools' as a secondary phrase for coverage without repeating the same root word twice.,
,
Suggested Bullet Point Themes,
What themes/keywords should the 5 bullets emphasize?,
"Bullet 1: core use case, work in 'weed puller tool'",
"Bullet 2: durability/material, work in 'garden tools' naturally",
"Bullet 3: ease of use, target 'weeding tool' gap",
"Bullet 4: long-handle/reach angle, target 'weed puller tool with long handle'",
"Bullet 5: broader set angle, work in 'tool set' opportunity keyword",
,
Backend Search Term Suggestions,
"edger lawn tool, garden scissors, garden clippers, lawn edger tool, weeding tool, tool set",
"Excluded from backend: potting soil, tools, coriander, dill weed, regalos para mujer, digging to china, ice picks for breaking ice -- none relevant to this product.",
,
"edger lawn tool, garden scissors, garden clippers, lawn edger tool, weeding tool, tool set",
"Excluded from backend: potting soil, tools, coriander, dill weed, regalos para mujer, digging to china, ice picks for breaking ice -- none relevant to this product.",
,
Overall Verdict,
"This product ranks well on its most literal terms (weed puller tool, garden tools) but is missing broader high-volume relevant terms like 'tool set' and 'edger lawn tool' entirely. Biggest opportunity: close that gap in title/bullets, not just backend. 'Tools' and 'potting soil' were excluded despite high volume because neither is genuinely relevant to this specific product.",
